Workbook

Sheet Beobachtung 26
A1: Produkt | B1: Berater*in | C1: Titel der Stelle | D1: Arbeitgeber / Institution | E1: Ort | F1: Bundesland / Land | G1: Ansprechperson (nach Möglichkeit Entscheider / kursiv = nach Recherche) | H1: Bewerbungsfrist | I1: Status | J1: Rückmeldung / Follow-Up | K1: Link zur Ausschreibung | L1: Institution zuletzt aufgenommen in Zeile: | M1: Score | N1: Relevant
C2: KW 3 ab 12.1.
B3: CK | C3: eine:n Referent:in (m/w/d) für den Förderkreis der Komischen Oper Berlin | D3: Komische Oper Berlin | G3: k.A. | H3: 18.1. | K3: https://oper-in-berlin.softgarden.io/job/61478307?l=de | L3: {=IFERROR(_xlfn.TEXTJOIN(", ", TRUE, IF(ISNUMBER(SEARCH(D3, D:D)), ROW(D:D), "")), "Kein Treffer")} -> 3, 146
B4: CK | C4: Kommunikationsmanager (m/w/d) | D4: Deutscher Tourismus Verband | G4: Norbert Kunz (Geschäftsführer) | H4: k.A. | I4: Mail und Magazin 23.01. | K4: https://www.deutschertourismusverband.de/fileadmin/user_upload/UEber_uns/Stellenangebote/DTV_Stellenanzeige_Kommunikationsmanager.pdf | L4: {=IFERROR(_xlfn.TEXTJOIN(", ", TRUE, IF(ISNUMBER(SEARCH(D4, D:D)), ROW(D:D), "")), "Kein Treffer")} -> 4
B5: CK | C5: Projektleitung Kulturwerkstatt | D5: DKB Stiftung | G5: Katrin Boerner | H5: k.A. | I5: Anruf und Mail 23.01. | J5: Haben auf die Berliner Ausschreibung 200! Bewerbungen bekommen. Ggf. besteht für LIEBENBERG Bedarf. | K5: https://www.dkb-stiftung.de/stiftung-jobs/ | L5: {=IFERROR(_xlfn.TEXTJOIN(", ", TRUE, IF(ISNUMBER(SEARCH(D5, D:D)), ROW(D:D), "")), "Kein Treffer")} -> 5
B6: DM | C6: Leitung der Bibliothek | D6: Gemeinde Gräfelfing | G6: Christina Zadaja | I6: 19.1. Postalisch | K6: https://www.mein-check-in.de/graefelfing/position-504054 | L6: {=IFERROR(_xlfn.TEXTJOIN(", ", TRUE, IF(ISNUMBER(SEARCH(D6, D:D)), ROW(D:D), "")), "Kein Treffer")} -> 6
A7: Nein | C7: Leiter*in Stabsstelle Kommunikation & Service / Pressesprecher*in (m/w/d) | D7: Kulturstiftung Dessau-Wörlitz | G7: Antje Unger | H7: 31.1. | K7: https://interamt.de/koop/app/stelle?0&id=1393498 | L7: {=IFERROR(_xlfn.TEXTJOIN(", ", TRUE, IF(ISNUMBER(SEARCH(D7, D:D)), ROW(D:D), "")), "Kein Treffer")} -> 7
C8: Museumsleitung (w/m/d) | D8: Stadt Bernau | G8: Mandy Freier | H8: 18.1. | K8: https://bernau-bei-berlin.ris-portal.de/web/guest/detail/-/stelle/detail/museumsleitung-w-m-d- | L8: {=IFERROR(_xlfn.TEXTJOIN(", ", TRUE, IF(ISNUMBER(SEARCH(D8, D:D)), ROW(D:D), "")), "Kein Treffer")} -> 8, 56
B9: CK | C9: Marketing Manager (m/w/d) | D9: Congress centrum Saar | G9: Elisabeth Fuchs | H9: 6.2. | I9: Anruf und Magazin Versand | J9: Haben gute Rückmeldung, aber benötigen ggf. Untersttzung für SalesPerson in 2 Monaten | K9: https://www.ccsaar.de/unternehmen/karriere/ | L9: {=IFERROR(_xlfn.TEXTJOIN(", ", TRUE, IF(ISNUMBER(SEARCH(D9, D:D)), ROW(D:D), "")), "Kein Treffer")} -> 9
B10: AME | C10: Projektleitung Eröffnung und Inbetriebnahme (m/w/d) | D10: Bauhaus Archiv / Museum für Gestaltung | G10: Tom Nehiba | H10: 8.2. | I10: KP versendet, ggf. Beauftragung für 2027 | K10: https://www.museumsbund.de/stellenangebote/projektleitung-eroeffnung-und-inbetriebnahme-m-w-d/ | L10: {=IFERROR(_xlfn.TEXTJOIN(", ", TRUE, IF(ISNUMBER(SEARCH(D10, D:D)), ROW(D:D), "")), "Kein Treffer")} -> 10
C11: Fachdienstleitung (m/w/d) | D11: Stadtverwaltung Neustadt an der Orla | G11: Fachdienstleiterin Verwaltung, Frau Jansen-Schleicher | H11: 13.2. | K11: https://www.arbeitsagentur.de/jobsuche/jobdetail/10001-1002371858-S | L11: {=IFERROR(_xlfn.TEXTJOIN(", ", TRUE, IF(ISNUMBER(SEARCH(D11, D:D)), ROW(D:D), "")), "Kein Treffer")} -> 11
B12: CK | C12: Kfm. Geschäftsführung Leitung Kommunikation | D12: Theater Lüneburg | G12: Personalabteilung | H12: 15.2. | I12: NSI Consulting beauftragt | K12: https://www.theater-lueneburg.de/service/stellenangebote | L12: {=IFERROR(_xlfn.TEXTJOIN(", ", TRUE, IF(ISNUMBER(SEARCH(D12, D:D)), ROW(D:D), "")), "Kein Treffer")} -> 12
C13: Dramaturg/in für Theater- und Familienprogramm (m/w/d) (Programmleitung) | D13: Monheimer Kulturwerke | G13: Britta Kisters | H13: K.A. | K13: https://www.monheimer-kulturwerke.de/de/stellenangebote/dramaturgin-theater-familienprogramm | L13: {=IFERROR(_xlfn.TEXTJOIN(", ", TRUE, IF(ISNUMBER(SEARCH(D13, D:D)), ROW(D:D), "")), "Kein Treffer")} -> 13
B14: AME | C14: Verlagsleitung | D14: Texte zur Kunst (berlin) | G14: Silvia Koch | H14: k.A. | I14: Austausch erfolgt | K14: https://arthist.net/archive/51419 | L14: {=IFERROR(_xlfn.TEXTJOIN(", ", TRUE, IF(ISNUMBER(SEARCH(D14, D:D)), ROW(D:D), "")), "Kein Treffer")} -> 14
B15: CK | C15: Direktor Finanzen Controlling | D15: Amadeu Antonio Stiftung Berlin | G15: (Vorstand) | H15: 46054 | I15: noch keinen erreicht | K15: https://www.stiftungen.org/jobs/stellenanzeige/director-finanzen-und-controlling-15714.html | L15: {=IFERROR(_xlfn.TEXTJOIN(", ", TRUE, IF(ISNUMBER(SEARCH(D15, D:D)), ROW(D:D), "")), "Kein Treffer")} -> 15
C16: Stiftungsvorstand | D16: Ilse Blank-Mezger-Hesselberger-Stiftung München (neu: seit 2/2023) /Förderung von Kunst u dt.-jüd. Geschichte | G16: Markus Kaum | H16: 46040 | K16: https://www.stiftungen.org/jobs/stellenanzeige/stiftungsvorstand-w-m-d-15706.html | L16: {=IFERROR(_xlfn.TEXTJOIN(", ", TRUE, IF(ISNUMBER(SEARCH(D16, D:D)), ROW(D:D), "")), "Kein Treffer")} -> 16
B17: CK | C17: Controller (in HH) | D17: Joachim Herz Stiftung | G17: Kerstin Krüger | H17: k.A. | L17: {=IFERROR(_xlfn.TEXTJOIN(", ", TRUE, IF(ISNUMBER(SEARCH(D17, D:D)), ROW(D:D), "")), "Kein Treffer")} -> 17
A18: KP | B18: CJ | C18: Direktion Stadtgeschichtliches Museum | D18: Stadt Duisburg | G18: Rachid Andich | H18: 46052 | I18: Telefonat am 12.01. | J18: Im Februar nachhaken | K18: https://karriere.duisburg.de/jobposting/3e33272ca864148a7c6f02f48f694631787b9ab80 | L18: {=IFERROR(_xlfn.TEXTJOIN(", ", TRUE, IF(ISNUMBER(SEARCH(D18, D:D)), ROW(D:D), "")), "Kein Treffer")} -> 18
B19: CK | C19: Direktorin / Direktor | D19: Stiftung Flucht, Vertreibung, Versöhnung Berlin | G19: Frau Unterabteilungsleiterin Korff | H19: 46040 | I19: BIn Mit Frau Bavendamm bereits in Abstimmung, Angebot versendet an BMI | K19: https://www.museumsbund.de/stellenangebote/direktorin-direktor/ | L19: {=IFERROR(_xlfn.TEXTJOIN(", ", TRUE, IF(ISNUMBER(SEARCH(D19, D:D)), ROW(D:D), "")), "Kein Treffer")} -> 19
C20: Referatsleiter*in (m/w/d) für das Referat „Kultur, Sport und Industriekultur“. | D20: Regionalverband Ruhr ; +49 201 2069-579 | G20: Frauke Heßberg | H20: 46051 | K20: https://www.rvr.ruhr/politik-regionalverband/ueber-uns/startseite-karriere/ | L20: {=IFERROR(_xlfn.TEXTJOIN(", ", TRUE, IF(ISNUMBER(SEARCH(D20, D:D)), ROW(D:D), "")), "Kein Treffer")} -> 20
B21: DM | C21: Verwaltungsdirektion | D21: Staatstheater Braunschweig | G21: Land Niedersachsen Personalreferat | H21: 22.1. | I21: Dran | K21: https://karriere.niedersachsen.de/stellenausschreibungen/verwaltungsdirektion-staatstheater-braunschweig-114057.html | L21: {=IFERROR(_xlfn.TEXTJOIN(", ", TRUE, IF(ISNUMBER(SEARCH(D21, D:D)), ROW(D:D), "")), "Kein Treffer")} -> 21
A22: KEX | B22: CJ | C22: Museumsleitung (m/w/d) | D22: Museum im Zeughaus Vechta | G22: Hr. Thomann | H22: 01.02. | I22: 15.1. | J22: 22.1. erl., ch, | K22: https://logahr1.kdo.de/bewerber-web/?companyEid=05600&tenant=05600&lang=D#position,id=12675e30-1f99-4a09-b0ef-9fff93ff5b09 | L22: {=IFERROR(_xlfn.TEXTJOIN(", ", TRUE, IF(ISNUMBER(SEARCH(D22, D:D)), ROW(D:D), "")), "Kein Treffer")} -> 22
B23: MR | C23: Geschäftsführung | D23: Leondinger Veranstaltungsmanagement | G23: Simone Lindinger | H23: 46022 | I23: 15.1. | L23: {=IFERROR(_xlfn.TEXTJOIN(", ", TRUE, IF(ISNUMBER(SEARCH(D23, D:D)), ROW(D:D), "")), "Kein Treffer")} -> 23
C24: KW 4 ab 20.1.
B25: FF | C25: Künstl. Leitung (ab 2027) | D25: Podium Esslingen | G25: Brigitte Russ-Scherer | H25: 46056 | K25: https://podium-esslingen.de/news/wir-suchen-nachfolge-kunstlerische-leitung-fur-2027-2026-01-09 | L25: {=IFERROR(_xlfn.TEXTJOIN(", ", TRUE, IF(ISNUMBER(SEARCH(D25, D:D)), ROW(D:D), "")), "Kein Treffer")} -> 25
B26: DM | C26: Direktor:in Marketing, Kommunikation und Besucherservice (m/w/d) | D26: Theater Chemnitz | G26: K.A. | H26: 46068 | I26: Rückmeldung erhalten, Follow-Up folgt | K26: https://www.theater-chemnitz.de/service/stellenangebote | L26: {=IFERROR(_xlfn.TEXTJOIN(", ", TRUE, IF(ISNUMBER(SEARCH(D26, D:D)), ROW(D:D), "")), "Kein Treffer")} -> 26
C27: Projektmanager:in IT-Services (w/m/d) für Berlins Kulturszene | D27: Technologie Stiftung Berlin | G27: Annette Kleffel (Leitung Abteilung Kultur & Bildung) | H27: 46050 | K27: https://technologiestiftung-berlin.jobs.personio.de/job/2490040?language=de%3Flanguage%3D&display=de | L27: {=IFERROR(_xlfn.TEXTJOIN(", ", TRUE, IF(ISNUMBER(SEARCH(D27, D:D)), ROW(D:D), "")), "Kein Treffer")} -> 27
A28: KP | B28: CJ | C28: Teamleiter:in für Verwaltung, Betrieb, Sicherheit (w/m/d) (39 WoSt) | D28: Jüdisches Museum Franken | G28: Daniela F. Eisenstein (Direktorin) | H28: 46056 | J28: kein Bedarf, CJ | K28: https://www.kultweet.de/jobs/JMF_Verwaltung.pdf | L28: {=IFERROR(_xlfn.TEXTJOIN(", ", TRUE, IF(ISNUMBER(SEARCH(D28, D:D)), ROW(D:D), "")), "Kein Treffer")} -> 28
B29: CK | C29: Leitung der Stabsstelle Stadtmarketing und Geschäftsführung der WIR VS GmbH (m/w/d) Citymanager | D29: Stadt Villingen-Schwenningen | G29: OB Jürgen Roth pers. Referent Tobias Herrmann | H29: 31.01.2026 15.02.2026 | K29: https://wir-vs.de/karriere/leitung-abteilung-tourismus-und-freizeit-2/ https://wir-vs.de/karriere/projektmanager-m-w-d-im-veranstaltungsmanagement-2/ | L29: {=IFERROR(_xlfn.TEXTJOIN(", ", TRUE, IF(ISNUMBER(SEARCH(D29, D:D)), ROW(D:D), "")), "Kein Treffer")} -> 29
A30: KEX | B30: CJ | C30: Fachbereichsleitung Museum / Bezirksgeschichtsarbeit (m/w/d) | D30: Bezirksamt Pankow von Berlin | G30: Fr. Lathan | H30: 46054 | I30: An Hr. Roter, Leiter Museum E-Mail am 28.1., ch | K30: https://www.karriereportal-stellen.berlin.de/Fachbereichsleitung-Museum-Bezirksgeschichtsarbeit-mwd-de-j63919.html | L30: {=IFERROR(_xlfn.TEXTJOIN(", ", TRUE, IF(ISNUMBER(SEARCH(D30, D:D)), ROW(D:D), "")), "Kein Treffer")} -> 30
C31: Projektmanager (w/m/d) für Veranstaltungen | D31: Deutsches Museum | G31: K.A. | H31: 46057 | K31: https://www.deutsches-museum.de/museum/ueber-uns/karriere/stellenangebote#c41809 | L31: {=IFERROR(_xlfn.TEXTJOIN(", ", TRUE, IF(ISNUMBER(SEARCH(D31, D:D)), ROW(D:D), "")), "Kein Treffer")} -> 31
C32: Technische Leitung im Theaterbetrieb (m/w/d) | D32: Semmel Concerts Entertainment GmbH | G32: k.A. | H32: k.A. ab sofort gesucht | K32: https://bdkv.de/wp-content/uploads/2025/12/SC_TL_Oberhausen_1225_bdkv.pdf | L32: {=IFERROR(_xlfn.TEXTJOIN(", ", TRUE, IF(ISNUMBER(SEARCH(D32, D:D)), ROW(D:D), "")), "Kein Treffer")} -> 32
B33: CK | C33: Leitung Tourismus und Kultur (m/w/d) | D33: Stadt Bad Doberan | G33: j.hahn@stadt-dbr.de | H33: 46053 | L33: {=IFERROR(_xlfn.TEXTJOIN(", ", TRUE, IF(ISNUMBER(SEARCH(D33, D:D)), ROW(D:D), "")), "Kein Treffer")} -> 33
B34: JK | C34: Museumsleitung (w/m/d) | D34: LWL-Museum Henrichshütte in Hattingen | G34: LWL-Museen für Industriekultur, Dr. Kirsten Baumann 0231 6961-136 | H34: 46059 | L34: {=IFERROR(_xlfn.TEXTJOIN(", ", TRUE, IF(ISNUMBER(SEARCH(D34, D:D)), ROW(D:D), "")), "Kein Treffer")} -> 34
B35: CK | C35: Direktorin / Direktor (w/m/d) der Gottfried Wilhelm Leibniz Bibliothek - Niedersächsische Landesbibliothek | D35: Ministerium Niedersachen | G35: Personalreferat (Tel. 0511/120-2438 | H35: 46042 | L35: {=IFERROR(_xlfn.TEXTJOIN(", ", TRUE, IF(ISNUMBER(SEARCH(D35, D:D)), ROW(D:D), "")), "Kein Treffer")} -> 35
B36: CK | C36: Stv. Leitung Controlling | D36: Stifterverband Essen | G36: Marion Langenbach | H36: keine | K36: https://www.stiftungen.org/jobs/stellenanzeige/stellvertretende-leitung-controlling-m-w-d-15761.html | L36: {=IFERROR(_xlfn.TEXTJOIN(", ", TRUE, IF(ISNUMBER(SEARCH(D36, D:D)), ROW(D:D), "")), "Kein Treffer")} -> 36
B37: CK | C37: PR & Communication Manager*in (m/w/d) in Vollzeit ... | D37: Stiftung Lesen | G37: Daniel Henzel | H37: 46053 | K37: https://jobs.kom.de/suche?keyword=&location=&homeoffice=&job=%26job%3Dpr-communication-managerin-mwd-in-vollzeit-40h-mainz-stiftung-lesen-12974281 | L37: {=IFERROR(_xlfn.TEXTJOIN(", ", TRUE, IF(ISNUMBER(SEARCH(D37, D:D)), ROW(D:D), "")), "Kein Treffer")} -> 37
A38: Nein | B38: MR | C38: Leitung Socia Media + Restaurator+Rechnungswesen (3 Stellen) | D38: Mumok | G38: Danijel Woynar | H38: 46062 | I38: 46043 | J38: haben jemanden gefunden | L38: {=IFERROR(_xlfn.TEXTJOIN(", ", TRUE, IF(ISNUMBER(SEARCH(D38, D:D)), ROW(D:D), "")), "Kein Treffer")} -> 38
C39: KW 5 ab 26.1.
B40: MR | C40: Assistenz Development Sponsoring | D40: Komitee der Salzburger Festspiele | G40: Solveig Eckert, Leitng Personal Festspielfond | H40: 46053 | I40: 46048 | L40: {=IFERROR(_xlfn.TEXTJOIN(", ", TRUE, IF(ISNUMBER(SEARCH(D40, D:D)), ROW(D:D), "")), "Kein Treffer")} -> 40
B41: MR | C41: Stv. Technische Leitung | D41: Halle E+G BetriebsgesmbH | G41: Wiebke Stockinger | H41: 46053 | I41: 46048 | L41: {=IFERROR(_xlfn.TEXTJOIN(", ", TRUE, IF(ISNUMBER(SEARCH(D41, D:D)), ROW(D:D), "")), "Kein Treffer")} -> 41
B42: MR | C42: Leitung Gästebetrieb Schloss Ambras Innsbruck | D42: KHM Wien | G42: Doris Schölnast | H42: 46061 | I42: 46048 | J42: meldet sich bei Bedarf | L42: {=IFERROR(_xlfn.TEXTJOIN(", ", TRUE, IF(ISNUMBER(SEARCH(D42, D:D)), ROW(D:D), "")), "Kein Treffer")} -> 42
C43: Redakteurin*in (m/w/d) | D43: Leibniz-Zentrum für Archälogie (Leiza) | G43: Doris Rübsam-Brodkorb (Ltg. AB Kommunikation) | H43: 46074 | K43: https://www.leiza.de/ueber-uns/karriere/redakteurinin-m/w/d | L43: {=IFERROR(_xlfn.TEXTJOIN(", ", TRUE, IF(ISNUMBER(SEARCH(D43, D:D)), ROW(D:D), "")), "Kein Treffer")} -> 43
B44: CJ | C44: Fachreferent/ -in (m/w/d) Kultur - Literatur & Leseförderung | D44: Stadt Weimar | G44: K.A. | H44: 46072 | I44: 28.1., E-Mail CH | K44: https://www.mein-check-in.de/weimar/position-506562 | L44: {=IFERROR(_xlfn.TEXTJOIN(", ", TRUE, IF(ISNUMBER(SEARCH(D44, D:D)), ROW(D:D), "")), "Kein Treffer")} -> 44
C45: Leitung Römerstadt Augusta Raurica 80–100 % | D45: Kanton Basel-Landschaft / Amt für Kultur | G45: Esther Roth (Leiterin Amt für Kultur) | H45: 46066 | K45: https://jobs.baselland.ch/offene-stellen/leitung-roemerstadt-augusta-raurica/b97509d5-6c4e-4744-8445-0aa880c27105 | L45: {=IFERROR(_xlfn.TEXTJOIN(", ", TRUE, IF(ISNUMBER(SEARCH(D45, D:D)), ROW(D:D), "")), "Kein Treffer")} -> 45
C46: Kuratorische Assistenz / Projektleiter*in (80 %) | D46: fundaziun nairs | G46: Josiane Imhasly (Direktorin) | H46: 46076 | K46: https://drive.google.com/file/d/19TUeo6YqjZObQ127Wbo2VJS8lElr-4Hh/view | L46: {=IFERROR(_xlfn.TEXTJOIN(", ", TRUE, IF(ISNUMBER(SEARCH(D46, D:D)), ROW(D:D), "")), "Kein Treffer")} -> 46
A47: KP | B47: CJ | C47: stellv. Leitung Stadtbibliothek (w/m/d) | D47: Stadt Herne | G47: Frau Stipp (Fachbereich Kultur) | H47: 46065 | I47: ch E-Mail, 28.1., telef. nicht erreichbar, E-Mail gewünscht | K47: https://www.mein-check-in.de/herne/position-506337 | L47: {=IFERROR(_xlfn.TEXTJOIN(", ", TRUE, IF(ISNUMBER(SEARCH(D47, D:D)), ROW(D:D), "")), "Kein Treffer")} -> 47
B48: CK | C48: Leitung Marketing und Vermittlung | D48: Friedenstein Stiftung Gotha | G48: Dr. Tobias Pfeifer-Helke | H48: 46068 | K48: https://www.stiftung-friedenstein.de/sites/default/files/downloads/2026_ausschreibung_leitung_marketing_und_vermittlung.pdf | L48: {=IFERROR(_xlfn.TEXTJOIN(", ", TRUE, IF(ISNUMBER(SEARCH(D48, D:D)), ROW(D:D), "")), "Kein Treffer")} -> 48, 66
B49: CK | C49: Referent:in Unternehmenskommunikation (m/w/d) | D49: Stadtmarketing HalleSaale | G49: K.A. | H49: ohne | K49: https://verliebtinhalle.de/service/stellenangebote/referentin-unternehmenskommunikation-m/w/d | L49: {=IFERROR(_xlfn.TEXTJOIN(", ", TRUE, IF(ISNUMBER(SEARCH(D49, D:D)), ROW(D:D), "")), "Kein Treffer")} -> 49
B50: CK | C50: Historiker:in - Deutsches Adelsarchiv in Marburg | D50: Stiftung Das Deutsche Adelsarchiv | G50: Claudia Becker | H50: 46081 | I50: "Sie werden überschwemmt von Bewerbungen, obwohl die Stelle so speziell ist." | K50: https://www.hsozkult.de/job/id/job-160087?title=1-historiker-in-m-w-d-historischer-adel-deutsches-adelsarchiv-marburg&recno=1&q=&sort=&fq=&total=83 | L50: {=IFERROR(_xlfn.TEXTJOIN(", ", TRUE, IF(ISNUMBER(SEARCH(D50, D:D)), ROW(D:D), "")), "Kein Treffer")} -> 50
B51: CK | C51: Sachbearbeiter für Öffentlichkeitsarbeit und Tourismus (m/w/d | D51: Stadt Renchen | G51: Stefan Gutenkunst (Fachbereichsleiter) | H51: 46068 | K51: https://karriere.renchen.de/jobposting/2b7cba58f5ab90f707324358c5d99494fc5c99980?ref=homepage | L51: {=IFERROR(_xlfn.TEXTJOIN(", ", TRUE, IF(ISNUMBER(SEARCH(D51, D:D)), ROW(D:D), "")), "Kein Treffer")} -> 51
A52: Nein | C52: Sachbearbeiter*in Sammlungsmanagement (m/w/d) im Skulpturenmuseum Marl | D52: Stadt Marl | G52: Karin Bähr | H52: 46059 | K52: https://bewerbungen-online-info.pi-asp.de/bewerber-web/?xsrf=6A53B43B9A1DD4BDE8BDAC43600D2519&company=240-FIRMA-ID&tenant=2&lang=D#position,id=3b29d437-d9c0-4c98-97f5-b365e84800d3,popup=y | L52: {=IFERROR(_xlfn.TEXTJOIN(", ", TRUE, IF(ISNUMBER(SEARCH(D52, D:D)), ROW(D:D), "")), "Kein Treffer")} -> 52
C53: Kommunikation & Marketing (60-80% | D53: Tanzhaus Basel | G53: Vanessa Prein | H53: 46081 | K53: https://tanzhausbasel.ch/wp-content/uploads/2026/01/20260119_stellenausschreibung_kommunikation.pdf | L53: {=IFERROR(_xlfn.TEXTJOIN(", ", TRUE, IF(ISNUMBER(SEARCH(D53, D:D)), ROW(D:D), "")), "Kein Treffer")} -> 53
B54: CK | C54: Projektmanager (m/w/d) Externe Koordinierungs- und Fachstelle der Partnerschaft für Demokratie | D54: Kultur- und Weiterbildungsgesellschaft mbH | G54: Stefan Möbus (Geschäftsführer) | H54: K.A. | K54: https://www.vhs-dreilaendereck.de/fileadmin/vhs-dreilaendereck/Stellenausschreibungen/Projektmanagment_KuF_PfD.pdf | L54: {=IFERROR(_xlfn.TEXTJOIN(", ", TRUE, IF(ISNUMBER(SEARCH(D54, D:D)), ROW(D:D), "")), "Kein Treffer")} -> 54
C55: Manager/in (w/m/d) für Communityarbeit | D55: Stadt Oldenburg - Amt für Kultur, Museen und Sport | G55: Dr. Steffen Wiegmann (Leiter Stadtmuseum) | H55: 46070 | I55: "Sehr viele Bewerbungen (schon über 70). Olderburg ist auch bei der Bearbeitung gut aufgestellt, insofern keine Unterstützunge nötig, auch nicht bei anderen Profilen." | K55: https://karriere.oldenburg.de/stellenangebote/stellenangebot/manager-in-w-m-d-fuer-communityarbeit | L55: {=IFERROR(_xlfn.TEXTJOIN(", ", TRUE, IF(ISNUMBER(SEARCH(D55, D:D)), ROW(D:D), "")), "Kein Treffer")} -> 55
B56: JK | C56: Museumsleitung (w/m/d) | D56: Stadt Bernau | G56: Frau Freier, Sachbearbeiterin Personalamt; Tel.: +49 3338 365156 | H56: 46054 | J56: Verlängerung der Frist (siehe Zeile 10) | K56: https://bernau-bei-berlin.ris-portal.de/web/guest/detail/-/stelle/detail/museumsleitung-w-m-d- | L56: {=IFERROR(_xlfn.TEXTJOIN(", ", TRUE, IF(ISNUMBER(SEARCH(D56, D:D)), ROW(D:D), "")), "Kein Treffer")} -> 8, 56
C57: Leitung des Dokumentations- und Informationszentrums im HAUS SCHLESIEN | D57: Haus Schlesien | G57: Dr. Reinhard von Dalwigk, Präsident des Vereins: dalwigk@hausschlesien.de | H57: 46096 | K57: https://www.museumsbund.de/stellenangebote/leitung-des-dokumentations-und-informationszentrums-im-haus-schlesien/ | L57: {=IFERROR(_xlfn.TEXTJOIN(", ", TRUE, IF(ISNUMBER(SEARCH(D57, D:D)), ROW(D:D), "")), "Kein Treffer")} -> 57
B58: CK | C58: Leitung für das Archiv Bildende Kunst | D58: Akademie der Künste | G58: Claudia Plötz, Fachbereich Personal | H58: 46068 | K58: https://interamt.de/koop/app/stelle?11&id=1406661 | L58: {=IFERROR(_xlfn.TEXTJOIN(", ", TRUE, IF(ISNUMBER(SEARCH(D58, D:D)), ROW(D:D), "")), "Kein Treffer")} -> 58, 133
B59: CJ | C59: Sachgebietsleitung Schulverwaltung und Kultur | D59: Stadt Teltow-Fläming | G59: Frau Luis Turley, +49 3371 608-1528 L.Turley@teltow-flaeming.de | H59: 46056 | I59: 28.1. E-Mail vers. | K59: https://interamt.de/koop/app/crypt.M_OCkdIHgsjDJmwLAkmTVQ/M_O5c | L59: {=IFERROR(_xlfn.TEXTJOIN(", ", TRUE, IF(ISNUMBER(SEARCH(D59, D:D)), ROW(D:D), "")), "Kein Treffer")} -> 59
B60: CK | C60: KWL Lippstadt sucht GF / Stadtmarketing | D60: Lippstadt | H60: 46053 | K60: bcsd.de/suchergebnisse/?datei=stellenausschreibung_63-gf-kultur_und_werbung_lippstadt_gmbh.pdf | L60: {=IFERROR(_xlfn.TEXTJOIN(", ", TRUE, IF(ISNUMBER(SEARCH(D60, D:D)), ROW(D:D), "")), "Kein Treffer")} -> 60
B61: MR | C61: Sponsoring, Fundraision, Kooperationen | D61: Sicence Communication Center Wien | G61: christopher.lindinger@scicom.center | H61: bis 28.2.2026 | I61: angeschreiben am 26.2. | L61: {=IFERROR(_xlfn.TEXTJOIN(", ", TRUE, IF(ISNUMBER(SEARCH(D61, D:D)), ROW(D:D), "")), "Kein Treffer")} -> 61
C62: KW 6 ab 2.2.
B63: CJ | C63: Sachbearbeiter*in Kultur und Veranstaltungsmanagement | D63: Stadt Königs Wusterhausen | G63: Fr. Cathérine Geese | H63: 18.02. | I63: 4.02., vers. durch ch | K63: https://cdn0.scrvt.com/d19207df10fc2c2113c58b2103007ce0/9d5092bd5ee32ba6/4d537e067d35/Ausschreibung-SB-Kultur-und-Veranstaltungsmanagement.pdf | L63: {=IFERROR(_xlfn.TEXTJOIN(", ", TRUE, IF(ISNUMBER(SEARCH(D63, D:D)), ROW(D:D), "")), "Kein Treffer")} -> 63
C64: Assistentin des Theaterleiters (m/w/d) | D64: Festspielhaus Neuschwanstein gGmbH | G64: K.A. | H64: K.A. | K64: https://das-festspielhaus.de/assistentin-des-theaterleiters-m-w-d/ | L64: {=IFERROR(_xlfn.TEXTJOIN(", ", TRUE, IF(ISNUMBER(SEARCH(D64, D:D)), ROW(D:D), "")), "Kein Treffer")} -> 64
B65: JK | C65: Museumsleiter/Museumsleiterin (50–60%) | D65: Museo Ciäsa Granda | G65: K.A. | H65: 22.02. | K65: https://ciaesagranda.ch/wp-content/uploads/2026/01/D_Stellenausschreibung_Leitung-MCG.pdf | L65: {=IFERROR(_xlfn.TEXTJOIN(", ", TRUE, IF(ISNUMBER(SEARCH(D65, D:D)), ROW(D:D), "")), "Kein Treffer")} -> 65
B66: AME | C66: Bildungsvermittlung/ Museumspädagogik | D66: Friedenstein Stiftung Gotha | G66: Dr. Tobias Pfeifer-Helke (Stiftungsdirektor) | H66: 15.3. | K66: https://thaff-thueringen.de/Stellenangebote/bildungsvermittlung-museumspaedagogik | L66: {=IFERROR(_xlfn.TEXTJOIN(", ", TRUE, IF(ISNUMBER(SEARCH(D66, D:D)), ROW(D:D), "")), "Kein Treffer")} -> 48, 66
B67: CJ | C67: Referatsleitung (m/w/d) Referat VI 2 D | D67: Sekretariat der Ständigen Konferenz der Kultusminister der Länder in der Bundesrepublik Deutschland | G67: Friederike Leetz | H67: 13.02. | I67: 4.02., vers. durch ch | K67: https://karriere.kmk.org/Referatsleitung-mwd-Referat-VI-2-D-Nord-Mittel-Suedeuropa--de-j115.html | L67: {=IFERROR(_xlfn.TEXTJOIN(", ", TRUE, IF(ISNUMBER(SEARCH(D67, D:D)), ROW(D:D), "")), "Kein Treffer")} -> 67
C68: Kuratorische Assistenz (m/w/d) | D68: documenta und Museum Fridericianum gGmbH | G68: Geert Frieler | K68: https://documenta.de/de/jobs/kuratorische-assistenz-m-w-d | L68: {=IFERROR(_xlfn.TEXTJOIN(", ", TRUE, IF(ISNUMBER(SEARCH(D68, D:D)), ROW(D:D), "")), "Kein Treffer")} -> 68
C69: Öffentlichkeitsarbeit und Kommunikation (m/w/d) | D69: Werkleitz | G69: Marcie K. Jost | H69: 20.03. | K69: https://werkleitz.de/media/pages/stellen/e5268152aa-1769169053/emap_stellenausschreibung_2601.pdf | L69: {=IFERROR(_xlfn.TEXTJOIN(", ", TRUE, IF(ISNUMBER(SEARCH(D69, D:D)), ROW(D:D), "")), "Kein Treffer")} -> 69
B70: FF | C70: Mitarbeiter·in im Konzertbüro (m/w/d) | D70: Salzburger Festspielfonds | G70: Solveig Eckert, Leitung Personal Festspielfond | H70: 22.02. | I70: Kann WG sich mal vorstellen!! Sie kennt OS und GR gut! | K70: https://jobs.salzburgerfestspiele.at/Mitarbeiterin-im-Konzertbuero-mwd-de-j646.html | L70: {=IFERROR(_xlfn.TEXTJOIN(", ", TRUE, IF(ISNUMBER(SEARCH(D70, D:D)), ROW(D:D), "")), "Kein Treffer")} -> 70
C71: Leiter:in Vermittlung & Public Program, 100% | D71: Kunsthaus Zürich | G71: Jessica Gantenbein | H71: K.A. | K71: https://kunsthaus-zuerich.abacuscity.ch/de/job_1_100233/Leiter%3Ain-Vermittlung-%26-Public-Program%2C-100%25 | L71: {=IFERROR(_xlfn.TEXTJOIN(", ", TRUE, IF(ISNUMBER(SEARCH(D71, D:D)), ROW(D:D), "")), "Kein Treffer")} -> 71
B72: DM | C72: Leitung der Stadtbücherei | D72: Stadt Kornwestheim | G72: Claudia Münkel (Fachbereichsleitung Kultur und Sport) | H72: 17.02. | K72: https://karriere.kornwestheim.de/site/Kornwestheim_Karriere/node/23887023/zmdetail_523251427750/index.html?nodeID=523251427750 | L72: {=IFERROR(_xlfn.TEXTJOIN(", ", TRUE, IF(ISNUMBER(SEARCH(D72, D:D)), ROW(D:D), "")), "Kein Treffer")} -> 72
C73: Leitung Kommunikation (m/w/d) | D73: RambaZamba gGmbH | G73: Tatjana Tietz (Assistenz GF) | H73: 15.03. | K73: https://www.buehnenverein.de/de/jobboerse/leitung-kommunikation-mwd/1751 | L73: {=IFERROR(_xlfn.TEXTJOIN(", ", TRUE, IF(ISNUMBER(SEARCH(D73, D:D)), ROW(D:D), "")), "Kein Treffer")} -> 73
B74: CJ | C74: Kongresskoordinator*in(m/w/d) | D74: Stiftung Deutsche Kinemathek | G74: K.A. | H74: 17.02. | I74: Magazinversand CJ und JK, 4.2. | K74: https://www.deutsche-kinemathek.de/de/kinemathek/jobs | L74: {=IFERROR(_xlfn.TEXTJOIN(", ", TRUE, IF(ISNUMBER(SEARCH(D74, D:D)), ROW(D:D), "")), "Kein Treffer")} -> 74
B75: AME | C75: AUSSTELLUNGSMANAGER (m/w/d) Funktionszusatz: stellvertretende kuratorische Leitung in der Halle für aktuelle Kunst | D75: Deichtorhallen Hamburg GmbH | G75: Sandra Freimane-Franke (Personalleitung) | H75: 20.2. | K75: https://www.deichtorhallen.de/de/jobs/ausstellungsmanager-m-w-d-funktionszusatz-stellvertretende-kuratorische-leitung-in-der-halle-fuer-aktuelle-kunst | L75: {=IFERROR(_xlfn.TEXTJOIN(", ", TRUE, IF(ISNUMBER(SEARCH(D75, D:D)), ROW(D:D), "")), "Kein Treffer")} -> 75
C76: Marketingreferent*in (m/w/d/) | D76: Landesmuseum Württemberg (LMW) | G76: Dr. Heike Scholz (Abt.L. Komm. Und Kulturvermittlung) | H76: 13.02. | K76: https://landesmuseum-stuttgart.softgarden.io/job/62359699/Marketingreferent-in-m-w-d-?jobDbPVId=261365034&l=de | L76: {=IFERROR(_xlfn.TEXTJOIN(", ", TRUE, IF(ISNUMBER(SEARCH(D76, D:D)), ROW(D:D), "")), "Kein Treffer")} -> 76
B77: DM | C77: Referent Kommunikation | D77: Staatstheater Karlsruhe | H77: 1.03. | K77: https://jobs.staatstheater-karlsruhe.de/ | L77: {=IFERROR(_xlfn.TEXTJOIN(", ", TRUE, IF(ISNUMBER(SEARCH(D77, D:D)), ROW(D:D), "")), "Kein Treffer")} -> 77
A78: Nein | C78: Leiterin/Leiter der Kreismusikschule (w/m/d) | D78: Landkreis Nordwestmecklenburg | G78: Madeleine Müller | H78: 26.02. | K78: https://interamt.de/koop/app/crypt.Aksupo5worgMzvJcTtrs_Q/Aks28 | L78: {=IFERROR(_xlfn.TEXTJOIN(", ", TRUE, IF(ISNUMBER(SEARCH(D78, D:D)), ROW(D:D), "")), "Kein Treffer")} -> 78
B79: CJ | C79: Dezernent/in für das Sozial- und Kulturdezernat (m/w/d) | D79: Stadt Blieskastel | G79: Anne-Christin Backes | H79: 46068 | I79: 4.02., vers. durch ch | K79: https://interamt.de/koop/app/crypt.rnp_EofKW6vbtv9eKM_K6g/rnp83 | L79: {=IFERROR(_xlfn.TEXTJOIN(", ", TRUE, IF(ISNUMBER(SEARCH(D79, D:D)), ROW(D:D), "")), "Kein Treffer")} -> 79
B80: CJ | C80: Pressereferent/-in (m/w/d) | D80: Bayerisches Landesamt für Denkmalpflege (LFD) | G80: Christian Beyer | H80: 46078 | K80: https://interamt.de/koop/app/crypt.rnp_EofKW6tiLZzfet8i3w/rnp83 | L80: {=IFERROR(_xlfn.TEXTJOIN(", ", TRUE, IF(ISNUMBER(SEARCH(D80, D:D)), ROW(D:D), "")), "Kein Treffer")} -> 80
C81: Museumspädagoge/in (m/w/d) | D81: Rhein-Kreis Neuss | G81: Frau Heinen-Dauber | H81: 46073 | K81: https://interamt.de/koop/app/crypt.rnp_EofKW6uJc-iznG5pMA/rnp83 | L81: {=IFERROR(_xlfn.TEXTJOIN(", ", TRUE, IF(ISNUMBER(SEARCH(D81, D:D)), ROW(D:D), "")), "Kein Treffer")} -> 81
C82: Kuratorische:r Entwickler:in Live-Programm und Kooperationen (m/w/d) | D82: Stiftung Stadtmuseum Berlin | G82: Louisa Adamac | H82: 46081 | K82: https://interamt.de/koop/app/crypt.rnp_EofKW6uejzxweGF8FQ/rnp83 | L82: {=IFERROR(_xlfn.TEXTJOIN(", ", TRUE, IF(ISNUMBER(SEARCH(D82, D:D)), ROW(D:D), "")), "Kein Treffer")} -> 82
B83: AME | C83: Kunsthistoriker (m/w/d) | D83: Landesverband Lippe | G83: Andreas Tewes | H83: 46082 | K83: https://interamt.de/koop/app/crypt.rnp_EofKW6tD9ahaARf7Wg/rnp83 | L83: {=IFERROR(_xlfn.TEXTJOIN(", ", TRUE, IF(ISNUMBER(SEARCH(D83, D:D)), ROW(D:D), "")), "Kein Treffer")} -> 83
B84: CK | C84: Persönliche*r Referent*in (m/w/d) | D84: Brandenburgische Kulturstiftung Cottbus-Frankfurt (Oder) | G84: Andrea Holick | H84: 46064 | K84: https://interamt.de/koop/app/crypt.rnp_EofKW6uvtRA5QdRluA/rnp83 | L84: {=IFERROR(_xlfn.TEXTJOIN(", ", TRUE, IF(ISNUMBER(SEARCH(D84, D:D)), ROW(D:D), "")), "Kein Treffer")} -> 84
A85: KP | B85: FF | C85: Kaufmännische Leitung/ Leitung Finanz- und Rechnungswesen | D85: Internationale Bachakademie Stuttgart | G85: Michael Hörrmann (GF) michael.hoerrmann@bachakademie.de | H85: 46081 | L85: {=IFERROR(_xlfn.TEXTJOIN(", ", TRUE, IF(ISNUMBER(SEARCH(D85, D:D)), ROW(D:D), "")), "Kein Treffer")} -> 85
B86: AME | C86: Leiter Sammlung und Restaurierung (m/w/d) | D86: Stiftung Schloss Friedenstein Gotha | G86: Dr. Tobias Pfeifer-Helke (Stiftungsdirektor) | H86: 46096 | K86: https://museumsverband-thueringen.de/wp-content/uploads/2026/02/2026_Ausschreibung_Leiter_Sammlung_und-Restaurierung.pdf | L86: {=IFERROR(_xlfn.TEXTJOIN(", ", TRUE, IF(ISNUMBER(SEARCH(D86, D:D)), ROW(D:D), "")), "Kein Treffer")} -> 86
A87: Nein | C87: Direktorin | D87: Textilmuseum St.Gallen St. Gallen | G87: Heinrich Christen (Mobil +41 79 600 49 08, E-Mail heinrich.christen@christenadvisory.com) | L87: {=IFERROR(_xlfn.TEXTJOIN(", ", TRUE, IF(ISNUMBER(SEARCH(D87, D:D)), ROW(D:D), "")), "Kein Treffer")} -> 87
C88: KW 7 ab 9.2.
B89: CK | C89: Geschäftsführung (m/w/d) Leitung für Produktion und Betriebsmanagement - COO (m/w/d) | D89: Musikkultur Rheinsberg gGmbH | G89: Dirk H. Beenken | H89: 46070 | K89: https://www.kultweet.de/jobs/Musikkultur_Rheinsberg_Leitung_Produktion_Betriebsmanagement.pdf | L89: {=IFERROR(_xlfn.TEXTJOIN(", ", TRUE, IF(ISNUMBER(SEARCH(D89, D:D)), ROW(D:D), "")), "Kein Treffer")} -> 89
B90: CK | C90: Leitung Förderung (m/w/d) & Kaufmännische Leitung (m/w/d | D90: Kuratorium junger deutscher Film | G90: Christina Bentlage, Direktorindes Kuratorium | H90: 46076 | K90: https://www.kultweet.de/jobs/KjdF_Leitung_Foerderung.pdf https://www.kultweet.de/jobs/KjdF_Kaufmaennische_Leitung.pdf | L90: {=IFERROR(_xlfn.TEXTJOIN(", ", TRUE, IF(ISNUMBER(SEARCH(D90, D:D)), ROW(D:D), "")), "Kein Treffer")} -> 90
B91: CJ | C91: Kulturmanager/in (m/w/d) | D91: Stadt Dülmen | G91: Frau Althoff (Abteilungsleiterin Kultur) | H91: 46089 | K91: https://karriere.duelmen.de/jobposting/0ea7910c822ea71688873e9c4bea52174f4d36480?ref=homepage | L91: {=IFERROR(_xlfn.TEXTJOIN(", ", TRUE, IF(ISNUMBER(SEARCH(D91, D:D)), ROW(D:D), "")), "Kein Treffer")} -> 91
B92: CJ | C92: Abteilungsleiter/-in (m/w/d) für die Kulturabteilung | D92: Stadt Pulheim | G92: Fachamt: Herr Gruber, Tel.: 02238/808-404 Personalabteilung: Herr Schnee, Tel.: 02238/808-641 | H92: 46089 | K92: https://karriere.pulheim.de/jobposting/9ba5d5ddc1653fb72e2f838227e9727c2af8f0560?ref=homepage | L92: {=IFERROR(_xlfn.TEXTJOIN(", ", TRUE, IF(ISNUMBER(SEARCH(D92, D:D)), ROW(D:D), "")), "Kein Treffer")} -> 92
B93: CK | C93: Referent/in Kommunikation im Deutschen Kulturrat (w/m/d) | D93: Deutscher Kulturrat | G93: Gabriele Schulz, Stv. Geschäftsführerin des Deutschen Kulturrates | H93: 46080 | I93: CK: Habe mit Gabi Schulz telefoniert, kein Geld und erschreckend viele gute Bewerbungen... | K93: https://www.kulturrat.de/stellenausschreibung/referentin-kommunikation/ | L93: {=IFERROR(_xlfn.TEXTJOIN(", ", TRUE, IF(ISNUMBER(SEARCH(D93, D:D)), ROW(D:D), "")), "Kein Treffer")} -> 93
B94: DM | C94: Pressereferent/in (w/m/d) Schauspieldirektion | D94: Theater Magdeburg | G94: Anja Briese Marion Müller | H94: 46081 | K94: https://www.theater-magdeburg.de/kontakt-infos/jobs/pressereferentin-wmd/ https://www.theater-magdeburg.de/kontakt-infos/jobs/schauspieldirektion-ab-der-spielzeit-2728/ | L94: {=IFERROR(_xlfn.TEXTJOIN(", ", TRUE, IF(ISNUMBER(SEARCH(D94, D:D)), ROW(D:D), "")), "Kein Treffer")} -> 94, 120
B95: CK | C95: Abteilungsleitung (w/m/d) Städtische Veranstaltungszentren | D95: Stadt Göppingen | G95: Leiterinnen des Fachbereichs Kultur, Frau Frey, Telefon 07161 650-40020 und Frau Grupp, Telefon 07161 650-40010. | H95: 46089 | K95: https://www.mein-check-in.de/goeppingen/position-508764 | L95: {=IFERROR(_xlfn.TEXTJOIN(", ", TRUE, IF(ISNUMBER(SEARCH(D95, D:D)), ROW(D:D), "")), "Kein Treffer")} -> 95
B96: OS | C96: Kaufm. Direktion | D96: Kulturinstitute Bochum Aör | G96: Herr Stadtrat Dietmar Dieckmann | H96: 46079 | I96: Mit OS gesprochen (DM) | K96: https://www.schauspielhausbochum.de/de/haus/848/jobs-und-ausschreibungen | L96: {=IFERROR(_xlfn.TEXTJOIN(", ", TRUE, IF(ISNUMBER(SEARCH(D96, D:D)), ROW(D:D), "")), "Kein Treffer")} -> 96
B97: CK | C97: Referent für Presse und Kommunikation | D97: Oper Leipzig | G97: Ilka Dietze | H97: 46082 | I97: WG? hunter Einträge checken: Wolff u Schubert kennen uns gut! | K97: https://www.oper-leipzig.de/de/jobs/referent-in-fur-presse-und-kommunikation-wmd/83 | L97: {=IFERROR(_xlfn.TEXTJOIN(", ", TRUE, IF(ISNUMBER(SEARCH(D97, D:D)), ROW(D:D), "")), "Kein Treffer")} -> 97
C98: Museumsleitung (m/w/d) | D98: Städtisches Museum Herford | G98: Museumsleitung Sonja Langkafe | H98: 46082 | K98: https://lhr03-portal.owl-it.de/bewerber-web/?xsrf=E59986D512727B7F3BD5D79A48175200&company=0230-FIRMA-ID&tenant=&lang=D&canShare=true&Uid=#position,id=3e5ebfb2-e066-427b-b0ac-374317b3d43b,popup=y | L98: {=IFERROR(_xlfn.TEXTJOIN(", ", TRUE, IF(ISNUMBER(SEARCH(D98, D:D)), ROW(D:D), "")), "Kein Treffer")} -> 98
B99: CK | C99: Stellenausschreibung: Referent (m/w/d) für Öffentlichkeitsarbeit | D99: Kunststiftung Sachsen-Anhalt | G99: Frau Manon Bursian | H99: 46085 | K99: https://www.kunststiftung-sachsen-anhalt.de/stellenausschreibung-oeffentlichkeitsarbeit/ | L99: {=IFERROR(_xlfn.TEXTJOIN(", ", TRUE, IF(ISNUMBER(SEARCH(D99, D:D)), ROW(D:D), "")), "Kein Treffer")} -> 99
C100: Referent*in (m/w/d) der Direktorin | D100: Haus der Geschichte Baden-Württemberg | G100: Dr. Cornelia Hecht-Zeiler | H100: 46101 | K100: https://www.hdgbw.de/jobs/ | L100: {=IFERROR(_xlfn.TEXTJOIN(", ", TRUE, IF(ISNUMBER(SEARCH(D100, D:D)), ROW(D:D), "")), "Kein Treffer")} -> 100
...

Sheet Zuteilung Stellenbörsen
A1: Anzahl | B1: Quelle | C1: Schwerpunkt | D1: URL | E1: Berater*in | F1: Pilotstatus | G1: Abrufmethode
A2: 3 | B2: EVVC.org Job.Center | C2: Veranstaltungszentren | D2: https://www.evvc.org/jobportal | E2: SBo | F2: nein | G2: HTTP
A3: 1 | B3: Kultweet | C3: Kultur, Bildung, Wissenschaft, Kommunikation | D3: https://www.kultweet.de/jobs.php | E3: DM | F3: ja | G3: HTTP
A4: 2 | B4: Open Biblio Jobs | C4: Bibliotheken, Archive | D4: https://bibliojobs.eu/ | E4: DM | F4: nein | G4: HTTP
A5: 1 | B5: Portal Kunstgeschichte | C5: Kunstgeschichte, Kulturwissenschaft | D5: https://portalkunstgeschichte.de/ | E5: AME | F5: nein
A6: 2 | B6: H-Soz-Kult | C6: Kulturwissenschaften, Kunstgeschichte, Geschichtswissenschaft | D6: https://www.hsozkult.de/job/page | E6: AME | F6: ja | G6: HTTP
A7: 3 | B7: H-ArtHist | C7: Kunstgeschichte, Bildende Kunst | D7: https://arthist.net/new.php?pn=mailing-list&mode=contribute | E7: AME | F7: nein
A8: 1 | B8: Bundesverband Museumspädagogik e.V. | C8: Museumspädagogik | D8: https://www.museumspaedagogik.org/aktuelles/jobs/ | E8: CJ | F8: nein
A9: 2 | B9: Deutscher Museumsbund e.V. | C9: Museum/Kunstverein | D9: https://www.museumsbund.de/stellenangebote/ | E9: CJ | F9: ja | G9: HTTP
A10: 3 | B10: BUND.de | C10: Verwaltung/Administration | D10: https://editor.bund.de | E10: CJ | F10: nein
A11: 4 | B11: Interamt | C11: Verwaltung/Administration | D11: https://interamt.de/cms/arbeitgeber.html | E11: CJ | F11: nein
A12: 1 | B12: nmz - neue musikzeitung | C12: Musik | D12: https://www.music-job.com | E12: WG | F12: nein
A13: 2 | B13: KOM Magazin für Kommunikation | C13: PR, Kommunikation, Medien | D13: https://stellenanzeigen.pressesprecher.com/stellenanzeige-schalten | E13: WG | F13: nein
A14: 3 | B14: stiftungen.org | C14: Stiftungen | D14: https://www.stiftungen.org/benutzerkonto.html | E14: WG | F14: nein
A15: 4 | B15: baito | C15: u.a Kulturstellen | D15: https://www.getbaito.com/de/jobs?job-branch=art-music-drama | E15: WG | F15: nein
A16: 1 | B16: KMM Netzwerk e.V. | C16: Kulturmanagement | E16: CK | F16: nein
A17: 2 | B17: bcsd e.V. | C17: City- und Stadtmarketing, Tourismus, Wirtschaftsförderung | D17: https://www.bcsd.de/service/jobboerse/ | E17: CK | F17: nein
A18: 3 | B18: destinet.de | C18: Tourismus und Destinationsmanagement | D18: https://www.destinet.de/stellenmarkt/stellenanzeigen-schalten | E18: CK | F18: nein
A19: 4 | B19: TourismusNews Deutschland | C19: Tourismus, Stadtmarketing | D19: https://jobs.tn-deutschland.com/order | E19: CK | F19: nein
A20: 5 | B20: PREGAS (außerdem Touristiklounge, EVENTFEX) | C20: Tourismus, Hotellerie, Gastronomie und MICE, Veranstaltungstätten | D20: https://pregas.de/stellenanzeige-schalten/ | E20: CK | F20: nein
A21: 1 | B21: Kultur Management Network | C21: Kulturmanagement | D21: https://www.kulturmanagement.net/Stellenmarkt-Eintrag | E21: JK | F21: nein
A22: 2 | B22: Kulturjobs.net | C22: Kultur - Österreich | D22: https://www.kulturjobs.net/eintrag.php | E22: JK | F22: nein
A23: 3 | B23: Frauen in Kultur & Medien (Deutscher Kulturrat) | C23: Kulturmanagement, Medien | D23: https://frauen-in-kultur-und-medien.de/aktuell/ausschreibungen/ | E23: JK | F23: nein
A24: 4 | B24: Gesines Jobtipps | C24: Bildung, Kultur & NGOs - Berlin, Leipzig, Halle | D24: https://gesinesjobtipps.de/freie-stelle-eintragen/ | E24: JK | F24: nein | G24: HTTP
A25: 1 | B25: Public Marketing | C25: Stadtmarketing, Marketing, Tourismus, Veranstaltungsstätten | D25: https://www.publicmarketing.eu/_rubric/index.php?rubric=Mediadaten | E25: LH | F25: nein
A26: 2 | B26: BDKV (Bundesverband der Konzert- und Veranstaltungswirtschaft e. V.) | C26: Veranstaltungszentren | D26: https://bdkv.de/jobboerse/jobangebote/ | E26: LH | F26: nein
A27: 1 | B27: buehnenjobs.de | C27: Theater/Orchester(-management), Musik | D27: https://www.buehnenverein.de/de/jobboerse | E27: LH | F27: nein | G27: HTTP
A28: 2 | B28: DTHG - Deutsche Theatertechnische Gesellschaft | C28: Bühnentechnik | D28: https://jobs.dthg.de/ | E28: LH | F28: nein | G28: HTTP
B29: KUPF Kulturplattform Stellenbörse | C29: Kultur - Österreich | D29: https://kupf.at/kulturjobs/ | E29: MR | F29: nein
B30: Institut für Kulturkonzepte Jobbörse | C30: Kultur - Österreich | D30: https://kulturkonzepte.at | E30: MR | F30: nein

Sheet Formeln
A1: Berater*innen | B1: Produkte | C1: Aktivitäten
A2: AM | B2: DP | C2: 4.1 Akquise Mail
A3: AME | B3: KP | C3: 4.2 Akquise Call
A4: CH | B4: KEX | C4: 4.3 Akquise Post
A5: CJ | B5: Nein | C5: 4.6 Versand Angebot
A6: CK | B6: KEX/Strat | C6: 4.7 Akquise Persönlich
A7: DM | B7: KIM | C7: 5 CRM Mail
A8: FF | C8: 5 CRM Call
A9: JK | C9: 5 CRM Post
A10: LH | C10: 5 CRM Treffen | I10: Zählenwenn | J10: =COUNTIF(F:F, "DP") -> 0
A11: MR | C11: 5.4 Versand Magazin
A12: OS | C12: 5.5 Versand Special
A13: SBo
A14: WG

Sheet Tabelle1
A1: Reaktionen auf Stellenbörsenbeobachtungen
A2: Berater*in | B2: AME | C2: CJ | D2: CK | E2: DM | F2: JK | G2: LH | H2: MR | I2: SBo | J2: WG
A3: Reaktionen | B3: =COUNTIF('Beobachtung 26'!B:B, "AME") -> 6 | C3: =COUNTIF('Beobachtung 26'!B:B, "CJ") -> 23 | D3: =COUNTIF('Beobachtung 26'!B:B, "CK") -> 31 | E3: =COUNTIF('Beobachtung 26'!B:B, "DM") -> 14 | F3: =COUNTIF('Beobachtung 26'!B:B, "JK") -> 3 | G3: =COUNTIF('Beobachtung 26'!B:B, "LH") -> 0 | H3: =COUNTIF('Beobachtung 26'!B:B, "MR") -> 9 | I3: =COUNTIF('Beobachtung 26'!B:B, "SBo") -> 1 | J3: =COUNTIF('Beobachtung 26'!B:B,"FF") -> 3
A5: Ansprache DP: | B5: =COUNTIF('Beobachtung 26'!A:A, "DP") -> 0 | C5: Ansprache KEX: | D5: =COUNTIF('Beobachtung 26'!A:A,"KEX") -> 2
A6: Ansprache KP: | B6: =COUNTIF('Beobachtung 26'!A:A, "KP") -> 7 | C6: Nein: | D6: =COUNTIF('Beobachtung 26'!A:A,"Nein") -> 7
A8: Stellenbörsenbeobachtung & Vertrieb KEX- Personal
A9: Erledigt | B9: Offen | C9: Hold
A12: Übersicht der Stellenbörsen, die KEX-Berater*innen beobachten - Stand 11.02.2025

Sheet Ausschreibungsfrequenz
A1: a | B1: b | C1: c
